keyword,best_lag_weeks,best_correlation
flu symptoms,1,0.7517159816233056
flu,1,0.6448193959319023
fever,8,-0.12502896941797564
cough,1,0.33344198896229793
flu test,0,0.6792094992307292
