model,rmse,r2
ManualRidge,0.32190216752076894,0.967324916494024
GradientBoostingRegressor,0.3958714508225879,0.9505828984063855
RandomForestRegressor,0.43703288768104426,0.9397721800018487
